{
  "ABIRoot": {
    "kind": "Root",
    "name": "NetworkLogger",
    "printedName": "NetworkLogger",
    "children": [
      {
        "kind": "TypeDecl",
        "name": "NetworkLogger",
        "printedName": "NetworkLogger",
        "children": [
          {
            "kind": "Constructor",
            "name": "init",
            "printedName": "init()",
            "children": [
              {
                "kind": "TypeNominal",
                "name": "NetworkLogger",
                "printedName": "NetworkLogger.NetworkLogger",
                "usr": "s:13NetworkLoggerAAV"
              }
            ],
            "declKind": "Constructor",
            "usr": "s:13NetworkLoggerAAVABycfc",
            "mangledName": "$s13NetworkLoggerAAVABycfc",
            "moduleName": "NetworkLogger",
            "declAttributes": [
              "AccessControl"
            ],
            "init_kind": "Designated"
          },
          {
            "kind": "Function",
            "name": "log",
            "printedName": "log(_:)",
            "children": [
              {
                "kind": "TypeNominal",
                "name": "Void",
                "printedName": "()"
              },
              {
                "kind": "TypeFunc",
                "name": "Function",
                "printedName": "() -> Swift.String",
                "children": [
                  {
                    "kind": "TypeNominal",
                    "name": "String",
                    "printedName": "Swift.String",
                    "usr": "s:SS"
                  },
                  {
                    "kind": "TypeNominal",
                    "name": "Void",
                    "printedName": "()"
                  }
                ],
                "typeAttributes": [
                  "noescape"
                ]
              }
            ],
            "declKind": "Func",
            "usr": "s:13NetworkLoggerAAV3logyySSyXKF",
            "mangledName": "$s13NetworkLoggerAAV3logyySSyXKF",
            "moduleName": "NetworkLogger",
            "declAttributes": [
              "AccessControl"
            ],
            "funcSelfKind": "NonMutating"
          }
        ],
        "declKind": "Struct",
        "usr": "s:13NetworkLoggerAAV",
        "mangledName": "$s13NetworkLoggerAAV",
        "moduleName": "NetworkLogger",
        "declAttributes": [
          "AccessControl"
        ],
        "conformances": [
          {
            "kind": "Conformance",
            "name": "Copyable",
            "printedName": "Copyable",
            "usr": "s:s8CopyableP",
            "mangledName": "$ss8CopyableP"
          },
          {
            "kind": "Conformance",
            "name": "Escapable",
            "printedName": "Escapable",
            "usr": "s:s9EscapableP",
            "mangledName": "$ss9EscapableP"
          }
        ]
      }
    ],
    "json_format_version": 8
  },
  "ConstValues": []
}